Geo Shape,Departure Station ID,Departure Station,Arrival Station ID,Arrival Station,Length,Geo Point 2D
,4,,UNKNOWN,,,.221738891135661
,3,,UNKNOWN,,,.559227558642576
,4,,UNKNOWN,,,.505571682826512
,3,,UNKNOWN,,,.788607644602232
,5,,UNKNOWN,,,.226778418301167
,5,,UNKNOWN,,,.495003656195332
,4,,UNKNOWN,,,.401381944953153
,5,,UNKNOWN,,,.244653500508638
,5,,UNKNOWN,,,.732905188494846
,4,,UNKNOWN,,,.401381944953153
,3,,UNKNOWN,,,.808590512850969
,4,,UNKNOWN,,,.3588945877882725
,4,,UNKNOWN,,,.735175626348108
,5,,UNKNOWN,,,.54557343845397
,5,,UNKNOWN,,,.504565263676513
,4,,UNKNOWN,,,.8812664279468
,4,,UNKNOWN,,,.593485745272848
,4,,UNKNOWN,,,.322808174073912
,5,,UNKNOWN,,,.058682607999545
,4,,UNKNOWN,,,.004823403071436
,3,,UNKNOWN,,,.2990270505493813
,5,,UNKNOWN,,,.214089112844788
,5,,UNKNOWN,,,.108517889629446
,3,,UNKNOWN,,,.229394150576864
,4,,UNKNOWN,,,.786654273020846
,5,,UNKNOWN,,,.898753379021505
,4,,UNKNOWN,,,.009421648303825
,4,,UNKNOWN,,,.308464959035577
,4,,UNKNOWN,,,.556731139231012
,3,,UNKNOWN,,,.9931220416994537
,4,,UNKNOWN,,,.2407868354172615
,3,,UNKNOWN,,,.684187477571095
,5,,UNKNOWN,,,.898753379021505
,4,,UNKNOWN,,,.571374573020141
,5,,UNKNOWN,,,.2049740289311845
,5,,UNKNOWN,,,.319490215464105
,3,,UNKNOWN,,,.932885905460372
,5,,UNKNOWN,,,.595874957698662
,5,,UNKNOWN,,,.470189338664005
,4,,UNKNOWN,,,.3558708334344685
,4,,UNKNOWN,,,.8812664279468
,4,,UNKNOWN,,,.4259285960657655
,3,,UNKNOWN,,,.4675713711468483
,4,,UNKNOWN,,,.654743025478656
,5,,UNKNOWN,,,.561399870622
,5,,UNKNOWN,,,.62992176991043
,4,,UNKNOWN,,,.759028767943287
,4,,UNKNOWN,,,.261635025252256
,5,,UNKNOWN,,,.115989001076955
,5,,UNKNOWN,,,.005832255999275
,5,,UNKNOWN,,,.798058948375041
,5,,UNKNOWN,,,.954627268700476
,4,,UNKNOWN,,,.083081510607696
,4,,UNKNOWN,,,.255768321460885
,3,,UNKNOWN,,,.080936654077832
,4,,UNKNOWN,,,.177385069796708
,3,,UNKNOWN,,,.684187477571095
,4,,UNKNOWN,,,.593485745272848
,4,,UNKNOWN,,,.222494122381686
,3,,UNKNOWN,,,.808590512850969
,4,,UNKNOWN,,,.208223644073865
,4,,UNKNOWN,,,.32776407628846
,3,,UNKNOWN,,,.226464366500989
,4,,UNKNOWN,,,.678936023817497
,4,,UNKNOWN,,,.786443402414151
,5,,UNKNOWN,,,.005832255999275
,5,,UNKNOWN,,,.052343765852812
,4,,UNKNOWN,,,.659124311808927
,4,,UNKNOWN,,,.435072326034116
,5,,UNKNOWN,,,.4141094499589695
,5,,UNKNOWN,,,.584804380729875
,4,,UNKNOWN,,,.893222034427802
,4,,UNKNOWN,,,.5036016812638175
,4,,UNKNOWN,,,.32776407628846
,4,,UNKNOWN,,,.449001974943211
,3,,UNKNOWN,,,.6964250250909063
,3,,UNKNOWN,,,.9078111146584087
,5,,UNKNOWN,,,.607902349050447
,5,,UNKNOWN,,,.568827859966619
,5,,UNKNOWN,,,.854456024140196
,5,,UNKNOWN,,,.954627268700476
,3,,UNKNOWN,,,.170168641702251
,3,,UNKNOWN,,,.629808312194545
,5,,UNKNOWN,,,.2049740289311845
,4,,UNKNOWN,,,.5036016812638175
,5,,UNKNOWN,,,.861005495282056
,4,,UNKNOWN,,,.396387227439488
,3,,UNKNOWN,,,.910321975285423
,4,,UNKNOWN,,,.417382272844284
,5,,UNKNOWN,,,.24824099073428
,4,,UNKNOWN,,,.011787240120338
,4,,UNKNOWN,,,.3718098856024685
,4,,UNKNOWN,,,.036310818514933
,4,,UNKNOWN,,,.003981409981234
,5,,UNKNOWN,,,.0888589963581445
,3,,UNKNOWN,,,.444377994965092
,4,,UNKNOWN,,,.430732799440681
,3,,UNKNOWN,,,.941178292976035
,4,,UNKNOWN,,,.435072326034116
,4,,UNKNOWN,,,.403325129523633
,4,,UNKNOWN,,,.184433441731934
,4,,UNKNOWN,,,.0789104211434575
,4,,UNKNOWN,,,.735175626348108
,4,,UNKNOWN,,,.127624198665662
,3,,UNKNOWN,,,.640882594156456
,3,,UNKNOWN,,,.9830964128895823
,3,,UNKNOWN,,,.776197980072057
,4,,UNKNOWN,,,.34737156817352
,3,,UNKNOWN,,,.9723079095959175
,5,,UNKNOWN,,,.291000616133162
,3,,UNKNOWN,,,.712538034741551
,4,,UNKNOWN,,,.305214382132291
,5,,UNKNOWN,,,.666056445194795
,5,,UNKNOWN,,,.014716135426582
,3,,UNKNOWN,,,.9344019971110815
,3,,UNKNOWN,,,.777720687550036
,4,,UNKNOWN,,,.579399337358248
,5,,UNKNOWN,,,.344510932990958
,4,,UNKNOWN,,,.284701682204071
,4,,UNKNOWN,,,.635748313954808
,4,,UNKNOWN,,,.192535454069281
,4,,UNKNOWN,,,.658671830546671
,3,,UNKNOWN,,,.9157146008557273
,3,,UNKNOWN,,,.981507821778043
,4,,UNKNOWN,,,.379131826118215
,3,,UNKNOWN,,,.863491209851525
,5,,UNKNOWN,,,.504565263676513
,4,,UNKNOWN,,,.512845206671124
,4,,UNKNOWN,,,.177385069796708
,4,,UNKNOWN,,,.337090398886388
,3,,UNKNOWN,,,.785551371094152
,4,,UNKNOWN,,,.224333600869691
,4,,UNKNOWN,,,.337090398886388
,4,,UNKNOWN,,,.658671830546671
,4,,UNKNOWN,,,.327834397543476
,3,,UNKNOWN,,,.191058974281943
,4,,UNKNOWN,,,.966637152207049
,3,,UNKNOWN,,,.4675713711468483
,3,,UNKNOWN,,,.190500507577958
,4,,UNKNOWN,,,.337647332931579
,4,,UNKNOWN,,,.460279669298646
,5,,UNKNOWN,,,.597431274092607
,4,,UNKNOWN,,,.398717604372781
,4,,UNKNOWN,,,.393170986841423
,3,,UNKNOWN,,,.1259400287611747
,3,,UNKNOWN,,,.777681528735661
,4,,UNKNOWN,,,.45839290874061
,4,,UNKNOWN,,,.264201843232561
,4,,UNKNOWN,,,.361903839042669
,3,,UNKNOWN,,,.889927644127568
,4,,UNKNOWN,,,.327834397543476
,3,,UNKNOWN,,,.1339622993336507
,4,,UNKNOWN,,,.109322024489874
,4,,UNKNOWN,,,.55738205593974
,4,,UNKNOWN,,,.395707381474245
,3,,UNKNOWN,,,.293692288704566
,4,,UNKNOWN,,,.303212168191932
,4,,UNKNOWN,,,.690281618428599
,3,,UNKNOWN,,,.3717503706094747
,4,,UNKNOWN,,,.548044876860959
,5,,UNKNOWN,,,.431518718888051
,3,,UNKNOWN,,,.7117451807858
,4,,UNKNOWN,,,.145873018203395
,4,,UNKNOWN,,,.061323964975107
,3,,UNKNOWN,,,.648819798778291
,4,,UNKNOWN,,,.396015681245376
,3,,UNKNOWN,,,.4796280120684537
,5,,UNKNOWN,,,.5781758907097005
,4,,UNKNOWN,,,.741091933206842
,5,,UNKNOWN,,,.058682607999545
,5,,UNKNOWN,,,.366831650400503
,5,,UNKNOWN,,,.495003656195332
,4,,UNKNOWN,,,.261729990430164
,3,,UNKNOWN,,,.5487339848514328
,4,,UNKNOWN,,,.405810647003902
,3,,UNKNOWN,,,.901635934398254
,4,,UNKNOWN,,,.451503456204706
,4,,UNKNOWN,,,.222494122381686
,4,,UNKNOWN,,,.907251798219151
,5,,UNKNOWN,,,.018034225253127
,3,,UNKNOWN,,,.595131854976429
,5,,UNKNOWN,,,.48924651016581
,4,,UNKNOWN,,,.697481231536533
,5,,UNKNOWN,,,.039565803648768
,3,,UNKNOWN,,,.842930273424239
,4,,UNKNOWN,,,.464460686092282
,4,,UNKNOWN,,,.423636765580954
,5,,UNKNOWN,,,.818381708828037
,4,,UNKNOWN,,,.982283235134702
,4,,UNKNOWN,,,.192535454069281
,3,,UNKNOWN,,,.648819798778291
,5,,UNKNOWN,,,.257883819137972
,3,,UNKNOWN,,,.7728367570955914
,3,,UNKNOWN,,,.3734139345519134
,5,,UNKNOWN,,,.832924941411228
,3,,UNKNOWN,,,.863491209851525
,4,,UNKNOWN,,,.641312719729811
,4,,UNKNOWN,,,.313997916571012
,3,,UNKNOWN,,,.476945743205856
,4,,UNKNOWN,,,.681993894713398
,4,,UNKNOWN,,,.121867129525009
,4,,UNKNOWN,,,.208223644073865
,4,,UNKNOWN,,,.011787240120338
,4,,UNKNOWN,,,.966637152207049
,4,,UNKNOWN,,,.172411229236345
,5,,UNKNOWN,,,.581748832081814
,3,,UNKNOWN,,,.949197796072739
,4,,UNKNOWN,,,.495166600314349
,5,,UNKNOWN,,,.0888589963581445
,4,,UNKNOWN,,,.3718098856024685
,4,,UNKNOWN,,,.369270534606617
,3,,UNKNOWN,,,.928671229928757
,4,,UNKNOWN,,,.199083068794854
,3,,UNKNOWN,,,.811514174356411
,4,,UNKNOWN,,,.192949882721958
,4,,UNKNOWN,,,.116175206576799
,3,,UNKNOWN,,,.785551371094152
,5,,UNKNOWN,,,.108517889629446
,5,,UNKNOWN,,,.3704397851734695
,4,,UNKNOWN,,,.009421648303825
,4,,UNKNOWN,,,.184433441731934
,4,,UNKNOWN,,,.4600846584788965
,4,,UNKNOWN,,,.533306180450321
,4,,UNKNOWN,,,.650543442175028
,5,,UNKNOWN,,,.097355357911391
,3,,UNKNOWN,,,.796483574289894
,4,,UNKNOWN,,,.939194075690524
,3,,UNKNOWN,,,.629808312194545
,3,,UNKNOWN,,,.633213747325088
,5,,UNKNOWN,,,.288885538169144
,3,,UNKNOWN,,,.636819546196751
,3,,UNKNOWN,,,.3717503706094747
,5,,UNKNOWN,,,.812555389439774
,4,,UNKNOWN,,,.172080452655247
,3,,UNKNOWN,,,.97903558935048
,4,,UNKNOWN,,,.54887186636716
,4,,UNKNOWN,,,.274684413822367
,3,,UNKNOWN,,,.424763097073793
,4,,UNKNOWN,,,.379131826118215
,5,,UNKNOWN,,,.31019030037556
,4,,UNKNOWN,,,.926690130664421
,4,,UNKNOWN,,,.768659505578626
,5,,UNKNOWN,,,.607902349050447
,3,,UNKNOWN,,,.6816295124034935
,4,,UNKNOWN,,,.432171692112015
,3,,UNKNOWN,,,.2218412772853373
,4,,UNKNOWN,,,.073009996718941
,4,,UNKNOWN,,,.507876599778667
,4,,UNKNOWN,,,.2407868354172615
,3,,UNKNOWN,,,.781396078187458
,4,,UNKNOWN,,,.5680264074009385
,4,,UNKNOWN,,,.036310818514933
,4,,UNKNOWN,,,.59673017606216
,4,,UNKNOWN,,,.145873018203395
,5,,UNKNOWN,,,.141035158743524
,4,,UNKNOWN,,,.381025040690125
,5,,UNKNOWN,,,.567587801140194
,5,,UNKNOWN,,,.520092045171864
,4,,UNKNOWN,,,.384407254114568
,5,,UNKNOWN,,,.629743960275536
,3,,UNKNOWN,,,.2031093563315824
,3,,UNKNOWN,,,.938906753765522
,5,,UNKNOWN,,,.6123865732435485
,3,,UNKNOWN,,,.9481562871705
,4,,UNKNOWN,,,.62572883571167
,4,,UNKNOWN,,,.372305179321736
,4,,UNKNOWN,,,.372305179321736
,5,,UNKNOWN,,,.772307676315353
,4,,UNKNOWN,,,.158201407881109
,3,,UNKNOWN,,,.910366505058906
,4,,UNKNOWN,,,.569961118515296
,3,,UNKNOWN,,,.292494964297192
,4,,UNKNOWN,,,.475923464407026
,4,,UNKNOWN,,,.446832174833607
,4,,UNKNOWN,,,.446832174833607
,4,,UNKNOWN,,,.650313135087112
,3,,UNKNOWN,,,.999059978838729
,4,,UNKNOWN,,,.323798219100443
,4,,UNKNOWN,,,.039666174676471
,4,,UNKNOWN,,,.97481532671685
,4,,UNKNOWN,,,.401698931161918
,4,,UNKNOWN,,,.039666174676471
,5,,UNKNOWN,,,.776732726712655
,4,,UNKNOWN,,,.558035948033793
,4,,UNKNOWN,,,.558035948033793
,4,,UNKNOWN,,,.223231936441508
,4,,UNKNOWN,,,.223231936441508
,5,,UNKNOWN,,,.125505907086065
,4,,UNKNOWN,,,.594788237348687
,4,,UNKNOWN,,,.427818170191411
,5,,UNKNOWN,,,.0538482800862
,5,,UNKNOWN,,,.495983521408335
,5,,UNKNOWN,,,.143541172111355
,3,,UNKNOWN,,,.6156031201261896
,5,,UNKNOWN,,,.212708144368143
,4,,UNKNOWN,,,.027072852506128
,4,,UNKNOWN,,,.500637589153094
,4,,UNKNOWN,,,.500637589153094
,4,,UNKNOWN,,,.3963544196368
,4,,UNKNOWN,,,.3963544196368
,3,,UNKNOWN,,,.504373428574992
,4,,UNKNOWN,,,.348996079429426
,4,,UNKNOWN,,,.652827608175429
,3,,UNKNOWN,,,.504373428574992
,3,,UNKNOWN,,,.936004591293232
,3,,UNKNOWN,,,.936004591293232
,4,,UNKNOWN,,,.212410567952989
,4,,UNKNOWN,,,.526355993088482
,4,,UNKNOWN,,,.8176157519676455
,4,,UNKNOWN,,,.105330763939828
,5,,UNKNOWN,,,.705587357829673
,4,,UNKNOWN,,,.395918770891046
,3,,UNKNOWN,,,.8018282342393626
,4,,UNKNOWN,,,.80936275497487
,4,,UNKNOWN,,,.80936275497487
,6,,UNKNOWN,,,.017038374863322
,3,,UNKNOWN,,,.2343618817478297
,4,,UNKNOWN,,,.426071002791093
,4,,UNKNOWN,,,.426071002791093
,3,,UNKNOWN,,,.0229989052046387
,5,,UNKNOWN,,,.565778121858629
,3,,UNKNOWN,,,.6130124226177736
,4,,UNKNOWN,,,.137158341961703
,4,,UNKNOWN,,,.137158341961703
,5,,UNKNOWN,,,.445906352692579
,3,,UNKNOWN,,,.4736226802411063
,4,,UNKNOWN,,,.303515367640725
,5,,UNKNOWN,,,.628992045416195
,5,,UNKNOWN,,,.628992045416195
,5,,UNKNOWN,,,.484986068978261
,4,,UNKNOWN,,,.440203051923204
,4,,UNKNOWN,,,.440203051923204
,4,,UNKNOWN,,,.74869650837387
,5,,UNKNOWN,,,.534226786740593
,4,,UNKNOWN,,,.519750460578765
,4,,UNKNOWN,,,.519750460578765
,4,,UNKNOWN,,,.163908484262213
,5,,UNKNOWN,,,.165528261039297
,4,,UNKNOWN,,,.379191634499196
,4,,UNKNOWN,,,.032549872152908
,5,,UNKNOWN,,,.47339131622995
,4,,UNKNOWN,,,.861323688511461
,4,,UNKNOWN,,,.864245814800873
,5,,UNKNOWN,,,.1179186075921255
,5,,UNKNOWN,,,.07288591160992
,5,,UNKNOWN,,,.588674944116075
,4,,UNKNOWN,,,.341765005777613
,4,,UNKNOWN,,,.341765005777613
,3,,UNKNOWN,,,.729409010842435
,3,,UNKNOWN,,,.837740597357057
,5,,UNKNOWN,,,.474398376454037
,4,,UNKNOWN,,,.368684418805927
,4,,UNKNOWN,,,.416141244281205
,3,,UNKNOWN,,,.7546039463797887
,4,,UNKNOWN,,,.524582235916399
,5,,UNKNOWN,,,.485240721431596
,5,,UNKNOWN,,,.485240721431596
,3,,UNKNOWN,,,.7546039463797887
,4,,UNKNOWN,,,.416141244281205
,3,,UNKNOWN,,,.855101719227019
,2,,UNKNOWN,,,.628338231803606
,2,,UNKNOWN,,,.628338231803606
,3,,UNKNOWN,,,.8146542642720416
,3,,UNKNOWN,,,.8146542642720416
,4,,UNKNOWN,,,.647016100186139
,5,,UNKNOWN,,,.194573142521021
,3,,UNKNOWN,,,.179448209481861
,5,,UNKNOWN,,,.6989125288832
,4,,UNKNOWN,,,.518454357488759
,4,,UNKNOWN,,,.72270734592962
,4,,UNKNOWN,,,.72270734592962
,4,,UNKNOWN,,,.841691951300525
,3,,UNKNOWN,,,.738152565128148
,3,,UNKNOWN,,,.738152565128148
,4,,UNKNOWN,,,.472086814447359
,4,,UNKNOWN,,,.600830275675295
,4,,UNKNOWN,,,.421697102986088
,3,,UNKNOWN,,,.9912997963635055
,4,,UNKNOWN,,,.321754629513665
,4,,UNKNOWN,,,.379120985877332
,4,,UNKNOWN,,,.158423155374804
,4,,UNKNOWN,,,.710463363500105
,4,,UNKNOWN,,,.771638739454744
,4,,UNKNOWN,,,.405764435920665
,4,,UNKNOWN,,,.428484899075552
,3,,UNKNOWN,,,.233796523456503
,3,,UNKNOWN,,,.233796523456503
,5,,UNKNOWN,,,.582445246375116
,4,,UNKNOWN,,,.342081137427098
,4,,UNKNOWN,,,.425750956405079
,4,,UNKNOWN,,,.3975717092717534
,3,,UNKNOWN,,,.2458687093646303
,5,,UNKNOWN,,,.366736326438186
,4,,UNKNOWN,,,.400892136439214
,4,,UNKNOWN,,,.398915464474727
,4,,UNKNOWN,,,.987465228631052
,4,,UNKNOWN,,,.314981208993911
,4,,UNKNOWN,,,.725005102622559
,4,,UNKNOWN,,,.416503512631705
,4,,UNKNOWN,,,.315203105020303
,4,,UNKNOWN,,,.417187215387905
,4,,UNKNOWN,,,.487946132176783
,4,,UNKNOWN,,,.487946132176783
,4,,UNKNOWN,,,.417187215387905
,4,,UNKNOWN,,,.4929534879881246
,4,,UNKNOWN,,,.049346492424852
,4,,UNKNOWN,,,.483085205766871
,3,,UNKNOWN,,,.202317625926681
,3,,UNKNOWN,,,.202317625926681
,3,,UNKNOWN,,,.2020327733100675
,3,,UNKNOWN,,,.2020327733100675
,4,,UNKNOWN,,,.674220387436119
,4,,UNKNOWN,,,.206406102082514
,4,,UNKNOWN,,,.206406102082514
,5,,UNKNOWN,,,.707639648347166
,4,,UNKNOWN,,,.463279537250234
,4,,UNKNOWN,,,.359425397558989
,5,,UNKNOWN,,,.502925267947227
,4,,UNKNOWN,,,.454849108910707
,4,,UNKNOWN,,,.454849108910707
,5,,UNKNOWN,,,.33121050962739
,3,,UNKNOWN,,,.071738180804644
,4,,UNKNOWN,,,.344410410620808
,4,,UNKNOWN,,,.511329913675023
,4,,UNKNOWN,,,.360238859224188
,4,,UNKNOWN,,,.2761936520853
,4,,UNKNOWN,,,.465191469088611
,4,,UNKNOWN,,,.430586175907711
,4,,UNKNOWN,,,.831054953624564
,4,,UNKNOWN,,,.221320767402239
,5,,UNKNOWN,,,.485259640243266
,5,,UNKNOWN,,,.485259640243266
,4,,UNKNOWN,,,.221320767402239
,5,,UNKNOWN,,,.588132245710085
,5,,UNKNOWN,,,.594406977781446
,4,,UNKNOWN,,,.288409388777399
,5,,UNKNOWN,,,.594406977781446
,4,,UNKNOWN,,,.345164428724077
,4,,UNKNOWN,,,.065386699934558
,4,,UNKNOWN,,,.2838650560011775
,3,,UNKNOWN,,,.932809640440502
,3,,UNKNOWN,,,.890215354905471
,3,,UNKNOWN,,,.932809640440502
,4,,UNKNOWN,,,.318458283223556
,4,,UNKNOWN,,,.318458283223556
,4,,UNKNOWN,,,.071447830444421
,4,,UNKNOWN,,,.071447830444421
,3,,UNKNOWN,,,.226428041836041
,4,,UNKNOWN,,,.466815734003951
,4,,UNKNOWN,,,.466815734003951
,4,,UNKNOWN,,,.393170986841423
,3,,UNKNOWN,,,.87033088943423
,5,,UNKNOWN,,,.808829579903468
,4,,UNKNOWN,,,.311438482903143
,4,,UNKNOWN,,,.384624518199455
,4,,UNKNOWN,,,.03186538737594
,3,,UNKNOWN,,,.7117451807858
,3,,UNKNOWN,,,.842930273424239
,3,,UNKNOWN,,,.714964985339025
,3,,UNKNOWN,,,.229394150576864
,4,,UNKNOWN,,,.396387227439488
,3,,UNKNOWN,,,.901635934398254
,4,,UNKNOWN,,,.984383024443197
,5,,UNKNOWN,,,.319989834944906
,5,,UNKNOWN,,,.598680491998394
,4,,UNKNOWN,,,.307806098595592
,4,,UNKNOWN,,,.105217838600503
,5,,UNKNOWN,,,.583758764702331
,4,,UNKNOWN,,,.112412231723654
,4,,UNKNOWN,,,.259041971082232
,4,,UNKNOWN,,,.299909934508523
,4,,UNKNOWN,,,.299909934508523
,5,,UNKNOWN,,,.629743960275536
,4,,UNKNOWN,,,.706031044187195
,4,,UNKNOWN,,,.3007889734052975
,5,,UNKNOWN,,,.470189338664005
,4,,UNKNOWN,,,.522482571295309
,4,,UNKNOWN,,,.073009996718941
,3,,UNKNOWN,,,.9869003910228216
,4,,UNKNOWN,,,.673027072972086
,5,,UNKNOWN,,,.54557343845397
,5,,UNKNOWN,,,.366831650400503
,4,,UNKNOWN,,,.54080460925598
,4,,UNKNOWN,,,.410447921534436
,5,,UNKNOWN,,,.0076608965405045
,4,,UNKNOWN,,,.406340041571731
,3,,UNKNOWN,,,.0856832350848933
,4,,UNKNOWN,,,.939194075690524
,4,,UNKNOWN,,,.879826013755399
,4,,UNKNOWN,,,.061414308821339
,4,,UNKNOWN,,,.408473543185549
,5,,UNKNOWN,,,.577449660168782
,3,,UNKNOWN,,,.5487339848514328
,4,,UNKNOWN,,,.55738205593974
,3,,UNKNOWN,,,.9157146008557273
,5,,UNKNOWN,,,.244653500508638
,4,,UNKNOWN,,,.471060062120163
,3,,UNKNOWN,,,.899225447259235
,3,,UNKNOWN,,,.643632747123773
,4,,UNKNOWN,,,.352454486316005
,3,,UNKNOWN,,,.1339622993336507
,4,,UNKNOWN,,,.410447921534436
,3,,UNKNOWN,,,.796483574289894
,4,,UNKNOWN,,,.916752622199718
,5,,UNKNOWN,,,.3260454891702125
,4,,UNKNOWN,,,.303212168191932
,5,,UNKNOWN,,,.012608658262318
,4,,UNKNOWN,,,.982283235134702
,4,,UNKNOWN,,,.265614317561855
,4,,UNKNOWN,,,.398717604372781
,3,,UNKNOWN,,,.615315960757812
,3,,UNKNOWN,,,.892974145669169
,4,,UNKNOWN,,,.365860538370198
,4,,UNKNOWN,,,.984383024443197
,4,,UNKNOWN,,,.7052513646032965
,3,,UNKNOWN,,,.776197980072057
,4,,UNKNOWN,,,.116175206576799
,3,,UNKNOWN,,,.4796280120684537
,4,,UNKNOWN,,,.681993894713398
,3,,UNKNOWN,,,.2740810773594866
,3,,UNKNOWN,,,.833801716931259
,4,,UNKNOWN,,,.687385630960613
,3,,UNKNOWN,,,.816233591920663
,4,,UNKNOWN,,,.460279669298646
,4,,UNKNOWN,,,.7852045110655
,3,,UNKNOWN,,,.444377994965092
,3,,UNKNOWN,,,.788607644602232
,3,,UNKNOWN,,,.715900420080061
,4,,UNKNOWN,,,.893222034427802
,4,,UNKNOWN,,,.395814076724327
,3,,UNKNOWN,,,.0856832350848933
,5,,UNKNOWN,,,.569446496251015
,3,,UNKNOWN,,,.830087010908215
,4,,UNKNOWN,,,.216074997231957
,3,,UNKNOWN,,,.97903558935048
,3,,UNKNOWN,,,.781396078187458
,3,,UNKNOWN,,,.807993755343556
,4,,UNKNOWN,,,.7052513646032965
,3,,UNKNOWN,,,.226464366500989
,4,,UNKNOWN,,,.226441973461726
,4,,UNKNOWN,,,.6434086668178205
,4,,UNKNOWN,,,.488016962459996
,4,,UNKNOWN,,,.425305365922539
,5,,UNKNOWN,,,.732905188494846
,4,,UNKNOWN,,,.618956244474873
,5,,UNKNOWN,,,.141035158743524
,4,,UNKNOWN,,,.284701682204071
,4,,UNKNOWN,,,.786654273020846
,4,,UNKNOWN,,,.007076157676695
,4,,UNKNOWN,,,.7852045110655
,3,,UNKNOWN,,,.815164424097151
,4,,UNKNOWN,,,.34737156817352
,4,,UNKNOWN,,,.144134787860377
,4,,UNKNOWN,,,.083655104560933
,5,,UNKNOWN,,,.278263152760259
,3,,UNKNOWN,,,.981507821778043
,4,,UNKNOWN,,,.43521831497757
,5,,UNKNOWN,,,.270514202523411
,5,,UNKNOWN,,,.305019233981278
,5,,UNKNOWN,,,.260742131258775
,4,,UNKNOWN,,,.768659505578626
,5,,UNKNOWN,,,.346454180349112
,4,,UNKNOWN,,,.403325129523633
,4,,UNKNOWN,,,.876133269550007
,4,,UNKNOWN,,,.305214382132291
,4,,UNKNOWN,,,.339082302940288
,4,,UNKNOWN,,,.081846492697603
,4,,UNKNOWN,,,.87749580816369
,3,,UNKNOWN,,,.868498400744388
,4,,UNKNOWN,,,.600167173478206
,3,,UNKNOWN,,,.633213747325088
,4,,UNKNOWN,,,.560186484510586
,4,,UNKNOWN,,,.843752085080938
,5,,UNKNOWN,,,.83323827713971
,4,,UNKNOWN,,,.843752085080938
,4,,UNKNOWN,,,.464834828391569
,5,,UNKNOWN,,,.775636354011948
,3,,UNKNOWN,,,.147476466296918
,5,,UNKNOWN,,,.319490215464105
,5,,UNKNOWN,,,.305019233981278
,5,,UNKNOWN,,,.566674603185239
,3,,UNKNOWN,,,.87033088943423
,5,,UNKNOWN,,,.058929645793561
,5,,UNKNOWN,,,.798058948375041
,4,,UNKNOWN,,,.43521831497757
,5,,UNKNOWN,,,.511939994288911
,5,,UNKNOWN,,,.288885538169144
,4,,UNKNOWN,,,.448326563909867
,4,,UNKNOWN,,,.0789104211434575
,5,,UNKNOWN,,,.567587801140194
,3,,UNKNOWN,,,.9344019971110815
,3,,UNKNOWN,,,.892974145669169
,4,,UNKNOWN,,,.216074997231957
,3,,UNKNOWN,,,.756372568091365
,4,,UNKNOWN,,,.904586576923305
,4,,UNKNOWN,,,.321521894312546
,2,,UNKNOWN,,,.66192328250595
,3,,UNKNOWN,,,.6826469894238976
,4,,UNKNOWN,,,.959720251821919
,4,,UNKNOWN,,,.206649951495931
,4,,UNKNOWN,,,.036850218912
,3,,UNKNOWN,,,.251684512053289
,4,,UNKNOWN,,,.635748313954808
,5,,UNKNOWN,,,.37951877178934
,4,,UNKNOWN,,,.831646501415649
,4,,UNKNOWN,,,.403173973122647
,4,,UNKNOWN,,,.328257281991002
,4,,UNKNOWN,,,.185278506286046
,4,,UNKNOWN,,,.32783865692252
,5,,UNKNOWN,,,.484953353153051
,3,,UNKNOWN,,,.7728367570955914
,4,,UNKNOWN,,,.221738891135661
,4,,UNKNOWN,,,.003582005648807
,4,,UNKNOWN,,,.507876599778667
,3,,UNKNOWN,,,.816233591920663
,4,,UNKNOWN,,,.54431086418098
,5,,UNKNOWN,,,.460998488646895
,4,,UNKNOWN,,,.172411229236345
,3,,UNKNOWN,,,.777720687550036
,4,,UNKNOWN,,,.62536654835847
,5,,UNKNOWN,,,.303741539397302
,3,,UNKNOWN,,,.9723079095959175
,4,,UNKNOWN,,,.6434086668178205
,4,,UNKNOWN,,,.618956244474873
,4,,UNKNOWN,,,.417382272844284
,5,,UNKNOWN,,,.859753880580933
,4,,UNKNOWN,,,.54080460925598
,4,,UNKNOWN,,,.522482571295309
,4,,UNKNOWN,,,.650543442175028
,4,,UNKNOWN,,,.495166600314349
,3,,UNKNOWN,,,.206875480549688
,6,,UNKNOWN,,,.007031750927324
,4,,UNKNOWN,,,.004823403071436
,3,,UNKNOWN,,,.9715296999696927
,4,,UNKNOWN,,,.904586576923305
,4,,UNKNOWN,,,.230543942300855
,5,,UNKNOWN,,,.31019030037556
,4,,UNKNOWN,,,.172080452655247
,4,,UNKNOWN,,,.405686395095354
,3,,UNKNOWN,,,.714964985339025
,3,,UNKNOWN,,,.712538034741551
,4,,UNKNOWN,,,.265614317561855
,5,,UNKNOWN,,,.597431274092607
,5,,UNKNOWN,,,.319989834944906
,5,,UNKNOWN,,,.214089112844788
,5,,UNKNOWN,,,.923217362061911
,4,,UNKNOWN,,,.319595020305486
,4,,UNKNOWN,,,.6501577459877215
,3,,UNKNOWN,,,.899225447259235
,3,,UNKNOWN,,,.170168641702251
,3,,UNKNOWN,,,.868498400744388
,4,,UNKNOWN,,,.425305365922539
,4,,UNKNOWN,,,.369270534606617
,5,,UNKNOWN,,,.382433202273109
,4,,UNKNOWN,,,.384624518199455
,4,,UNKNOWN,,,.444784189307718
,2,,UNKNOWN,,,.9561523964703453
,4,,UNKNOWN,,,.313997916571012
,4,,UNKNOWN,,,.9460716672916885
,5,,UNKNOWN,,,.663287782590265
,5,,UNKNOWN,,,.775636354011948
,5,,UNKNOWN,,,.346454180349112
,5,,UNKNOWN,,,.511939994288911
,4,,UNKNOWN,,,.166886871053878
,5,,UNKNOWN,,,.014716135426582
,3,,UNKNOWN,,,.595131854976429
,5,,UNKNOWN,,,.551680741381622
,3,,UNKNOWN,,,.113415029064629
,4,,UNKNOWN,,,.454134476391226
,3,,UNKNOWN,,,.7833060754498384
,4,,UNKNOWN,,,.384407254114568
,3,,UNKNOWN,,,.2031093563315824
,4,,UNKNOWN,,,.451503456204706
,3,,UNKNOWN,,,.424763097073793
,5,,UNKNOWN,,,.41558223246829
,4,,UNKNOWN,,,.112412231723654
,4,,UNKNOWN,,,.206649951495931
,4,,UNKNOWN,,,.834261255185318
,4,,UNKNOWN,,,.568165704361427
,4,,UNKNOWN,,,.423636765580954
,5,,UNKNOWN,,,.012608658262318
,4,,UNKNOWN,,,.3081691185326205
,3,,UNKNOWN,,,.909108164558169
,5,,UNKNOWN,,,.583758764702331
,4,,UNKNOWN,,,.584895751191923
,4,,UNKNOWN,,,.834261255185318
,4,,UNKNOWN,,,.465507863038504
,4,,UNKNOWN,,,.125793677975539
,4,,UNKNOWN,,,.376519137106536
,5,,UNKNOWN,,,.115989001076955
,5,,UNKNOWN,,,.6123865732435485
,4,,UNKNOWN,,,.507112626278784
,4,,UNKNOWN,,,.869746873238296
,4,,UNKNOWN,,,.505571682826512
,5,,UNKNOWN,,,.581748832081814
,4,,UNKNOWN,,,.507112626278784
,4,,UNKNOWN,,,.560493693314263
,5,,UNKNOWN,,,.877249781217353
,4,,UNKNOWN,,,.081846492697603
,4,,UNKNOWN,,,.339082302940288
,3,,UNKNOWN,,,.798726940294904
,4,,UNKNOWN,,,.03186538737594
,4,,UNKNOWN,,,.488016962459996
,4,,UNKNOWN,,,.45839290874061
,3,,UNKNOWN,,,.857713343768993
,3,,UNKNOWN,,,.638158155954317
,4,,UNKNOWN,,,.32783865692252
,4,,UNKNOWN,,,.876133269550007
,4,,UNKNOWN,,,.356711279416524
,5,,UNKNOWN,,,.83323827713971
,4,,UNKNOWN,,,.356711279416524
,5,,UNKNOWN,,,.4141094499589695
,4,,UNKNOWN,,,.641312719729811
,2,,UNKNOWN,,,.7705896064652054
,3,,UNKNOWN,,,.9078111146584087
,4,,UNKNOWN,,,.36708518038303
,4,,UNKNOWN,,,.408473543185549
,5,,UNKNOWN,,,.832924941411228
,4,,UNKNOWN,,,.713476936965972
,3,,UNKNOWN,,,.358283812208117
,4,,UNKNOWN,,,.54431086418098
,4,,UNKNOWN,,,.713476936965972
,4,,UNKNOWN,,,.337647332931579
,3,,UNKNOWN,,,.910321975285423
,5,,UNKNOWN,,,.070421516430865
,5,,UNKNOWN,,,.267446990684676
,5,,UNKNOWN,,,.382433202273109
,4,,UNKNOWN,,,.9460716672916885
,4,,UNKNOWN,,,.42519921080461
,4,,UNKNOWN,,,.061341646327548
,4,,UNKNOWN,,,.687385630960613
,3,,UNKNOWN,,,.941178292976035
,4,,UNKNOWN,,,.408993336457313
,4,,UNKNOWN,,,.457279701848945
,3,,UNKNOWN,,,.9715296999696927
,5,,UNKNOWN,,,.861005495282056
,5,,UNKNOWN,,,.305995831165846
,3,,UNKNOWN,,,.1259400287611747
,5,,UNKNOWN,,,.3260454891702125
,3,,UNKNOWN,,,.640882594156456
,2,,UNKNOWN,,,.66192328250595
,4,,UNKNOWN,,,.869746873238296
,4,,UNKNOWN,,,.395814076724327
,3,,UNKNOWN,,,.511231787422089
,4,,UNKNOWN,,,.185278506286046
,4,,UNKNOWN,,,.465507863038504
,5,,UNKNOWN,,,.82630567167196
,4,,UNKNOWN,,,.359303337611593
,5,,UNKNOWN,,,.332034605824304
,5,,UNKNOWN,,,.332034605824304
,5,,UNKNOWN,,,.269191811745364
,4,,UNKNOWN,,,.249264889247868
,4,,UNKNOWN,,,.19426832036673
,3,,UNKNOWN,,,.835867016633159
,4,,UNKNOWN,,,.784819765472161
,4,,UNKNOWN,,,.427818170191411
,5,,UNKNOWN,,,.772307676315353
,3,,UNKNOWN,,,.882531953437997
,4,,UNKNOWN,,,.981531839205489
,4,,UNKNOWN,,,.981531839205489
,4,,UNKNOWN,,,.158201407881109
,4,,UNKNOWN,,,.455916626495236
,4,,UNKNOWN,,,.4861546463539295
,4,,UNKNOWN,,,.569961118515296
,4,,UNKNOWN,,,.5272924370884295
,4,,UNKNOWN,,,.029993330681685
,4,,UNKNOWN,,,.041807277391889
,4,,UNKNOWN,,,.323798219100443
,4,,UNKNOWN,,,.97481532671685
,4,,UNKNOWN,,,.401698931161918
,4,,UNKNOWN,,,.041781887381999
,5,,UNKNOWN,,,.776732726712655
,4,,UNKNOWN,,,.274632277116798
,5,,UNKNOWN,,,.125505907086065
,5,,UNKNOWN,,,.143541172111355
,5,,UNKNOWN,,,.495983521408335
,3,,UNKNOWN,,,.999059978838729
,5,,UNKNOWN,,,.212708144368143
,4,,UNKNOWN,,,.027072852506128
,4,,UNKNOWN,,,.475784692032699
,4,,UNKNOWN,,,.475784692032699
,4,,UNKNOWN,,,.499022101961491
,4,,UNKNOWN,,,.499022101961491
,4,,UNKNOWN,,,.439749290403717
,4,,UNKNOWN,,,.396722570279881
,4,,UNKNOWN,,,.396722570279881
,4,,UNKNOWN,,,.23671814201684
,4,,UNKNOWN,,,.23671814201684
,4,,UNKNOWN,,,.652827608175429
,4,,UNKNOWN,,,.427725723504221
,4,,UNKNOWN,,,.212410567952989
,4,,UNKNOWN,,,.526355993088482
,4,,UNKNOWN,,,.19426832036673
,4,,UNKNOWN,,,.344922485312913
,4,,UNKNOWN,,,.344922485312913
,4,,UNKNOWN,,,.8176157519676455
,5,,UNKNOWN,,,.705587357829673
,4,,UNKNOWN,,,.42445680169605
,6,,UNKNOWN,,,.017038374863322
,4,,UNKNOWN,,,.362671925865247
,3,,UNKNOWN,,,.0229989052046387
,4,,UNKNOWN,,,.362671925865247
,5,,UNKNOWN,,,.816315890712603
,3,,UNKNOWN,,,.6130124226177736
,5,,UNKNOWN,,,.445906352692579
,3,,UNKNOWN,,,.857214320055931
,3,,UNKNOWN,,,.4736226802411063
,4,,UNKNOWN,,,.340799544717782
,4,,UNKNOWN,,,.340799544717782
,4,,UNKNOWN,,,.74869650837387
,4,,UNKNOWN,,,.36900183739208
,3,,UNKNOWN,,,.8896286612404447
,4,,UNKNOWN,,,.434718934060392
,5,,UNKNOWN,,,.47339131622995
,5,,UNKNOWN,,,.1179186075921255
,4,,UNKNOWN,,,.861323688511461
,5,,UNKNOWN,,,.429267604157493
,5,,UNKNOWN,,,.429267604157493
,5,,UNKNOWN,,,.07288591160992
,3,,UNKNOWN,,,.837740597357057
,4,,UNKNOWN,,,.430296785767446
,5,,UNKNOWN,,,.441105976533807
,5,,UNKNOWN,,,.588674944116075
,3,,UNKNOWN,,,.681871586221051
,3,,UNKNOWN,,,.681871586221051
,3,,UNKNOWN,,,.729409010842435
,4,,UNKNOWN,,,.327112367076354
,4,,UNKNOWN,,,.2518620779152325
,4,,UNKNOWN,,,.67069089358204
,4,,UNKNOWN,,,.67069089358204
,5,,UNKNOWN,,,.474398376454037
,4,,UNKNOWN,,,.368684418805927
,4,,UNKNOWN,,,.2828172886062
,4,,UNKNOWN,,,.493381986104411
,3,,UNKNOWN,,,.2345592553375293
,5,,UNKNOWN,,,.30573623175898
,3,,UNKNOWN,,,.770439663910212
,4,,UNKNOWN,,,.41502227104133
,4,,UNKNOWN,,,.351596985974932
,4,,UNKNOWN,,,.351596985974932
,5,,UNKNOWN,,,.770509474128408
,5,,UNKNOWN,,,.770509474128408
,4,,UNKNOWN,,,.913068929747442
,4,,UNKNOWN,,,.913068929747442
,3,,UNKNOWN,,,.5953985965241744
,4,,UNKNOWN,,,.396866885158904
,4,,UNKNOWN,,,.390031929817397
,4,,UNKNOWN,,,.683366848778084
,4,,UNKNOWN,,,.368380096725291
,4,,UNKNOWN,,,.219246711706917
,4,,UNKNOWN,,,.219246711706917
,5,,UNKNOWN,,,.6989125288832
,4,,UNKNOWN,,,.874563364192084
,4,,UNKNOWN,,,.874563364192084
,4,,UNKNOWN,,,.709886261991148
,4,,UNKNOWN,,,.841691951300525
,4,,UNKNOWN,,,.452535078430823
,4,,UNKNOWN,,,.306589042400974
,4,,UNKNOWN,,,.342966083574048
,4,,UNKNOWN,,,.342966083574048
,5,,UNKNOWN,,,.453279593881133
,4,,UNKNOWN,,,.472086814447359
,4,,UNKNOWN,,,.589969724636451
,4,,UNKNOWN,,,.589969724636451
,4,,UNKNOWN,,,.43161536171634
,3,,UNKNOWN,,,.9912997963635055
,4,,UNKNOWN,,,.3975717092717534
,4,,UNKNOWN,,,.369777252550077
,4,,UNKNOWN,,,.369777252550077
,4,,UNKNOWN,,,.208617443458074
,4,,UNKNOWN,,,.158423155374804
,4,,UNKNOWN,,,.710463363500105
,4,,UNKNOWN,,,.771638739454744
,4,,UNKNOWN,,,.421697102986088
,5,,UNKNOWN,,,.540562760625702
,4,,UNKNOWN,,,.513821496347767
,4,,UNKNOWN,,,.363837102974604
,4,,UNKNOWN,,,.145193534763649
,4,,UNKNOWN,,,.409320607964144
,4,,UNKNOWN,,,.342081137427098
,4,,UNKNOWN,,,.211652500030935
,4,,UNKNOWN,,,.211652500030935
,4,,UNKNOWN,,,.363837102974604
,4,,UNKNOWN,,,.334599441057362
,3,,UNKNOWN,,,.2458687093646303
,5,,UNKNOWN,,,.366736326438186
,4,,UNKNOWN,,,.462720711593461
,4,,UNKNOWN,,,.398915464474727
,5,,UNKNOWN,,,.854456024140197
,4,,UNKNOWN,,,.987465228631052
,4,,UNKNOWN,,,.527385636759455
,4,,UNKNOWN,,,.714812622063112
,4,,UNKNOWN,,,.725005102622559
,4,,UNKNOWN,,,.416503512631705
,4,,UNKNOWN,,,.315203105020303
,4,,UNKNOWN,,,.049346492424852
,4,,UNKNOWN,,,.4137943203621886
,4,,UNKNOWN,,,.483085205766871
,3,,UNKNOWN,,,.857561015096529
,5,,UNKNOWN,,,.577449660168782
,4,,UNKNOWN,,,.401620267582116
,4,,UNKNOWN,,,.674220387436119
,4,,UNKNOWN,,,.406018706797524
,4,,UNKNOWN,,,.414148602191729
,4,,UNKNOWN,,,.414148602191729
,5,,UNKNOWN,,,.707639648347166
,4,,UNKNOWN,,,.914133891449285
,4,,UNKNOWN,,,.914133891449285
,5,,UNKNOWN,,,.467671758264011
,4,,UNKNOWN,,,.115009884495982
,4,,UNKNOWN,,,.115009884495982
,5,,UNKNOWN,,,.325951395861648
,5,,UNKNOWN,,,.325951395861648
,3,,UNKNOWN,,,.071738180804644
,3,,UNKNOWN,,,.803805547180227
,3,,UNKNOWN,,,.803805547180227
,4,,UNKNOWN,,,.413890470642205
,4,,UNKNOWN,,,.344410410620808
,4,,UNKNOWN,,,.511329913675023
,4,,UNKNOWN,,,.3752661885359725
,3,,UNKNOWN,,,.2493700680298727
,4,,UNKNOWN,,,.430586175907711
,4,,UNKNOWN,,,.465191469088611
,4,,UNKNOWN,,,.439088597293255
,4,,UNKNOWN,,,.821297535276272
,5,,UNKNOWN,,,.255892287838339
,5,,UNKNOWN,,,.588132245710085
,4,,UNKNOWN,,,.288409388777399
,4,,UNKNOWN,,,.065386699934558
,4,,UNKNOWN,,,.45028458542168
,4,,UNKNOWN,,,.427725723504221
,4,,UNKNOWN,,,.28240445830302
,4,,UNKNOWN,,,.450284585421669
,5,,UNKNOWN,,,.526550558368494
,3,,UNKNOWN,,,.2264280418360456
,5,,UNKNOWN,,,.749700650263507
,4,,UNKNOWN,,,.028809960367775
,4,,UNKNOWN,,,.216269338984423
,5,,UNKNOWN,,,.749700650263504
,5,,UNKNOWN,,,.100172906364506
,5,,UNKNOWN,,,.100172906364506
,3,,UNKNOWN,,,.370084094961157
,4,,UNKNOWN,,,.376519137106536
,4,,UNKNOWN,,,.759028767943287
,4,,UNKNOWN,,,.140346334825467
,4,,UNKNOWN,,,.395707381474245
,3,,UNKNOWN,,,.9406721162679967
,4,,UNKNOWN,,,.6501577459877215
,3,,UNKNOWN,,,.909108164558169
,5,,UNKNOWN,,,.48924651016581
,5,,UNKNOWN,,,.806181143640225
,4,,UNKNOWN,,,.464834828391569
,4,,UNKNOWN,,,.284333856944451
,5,,UNKNOWN,,,.303741539397302
,5,,UNKNOWN,,,.663287782590265
,4,,UNKNOWN,,,.307806098595592
,4,,UNKNOWN,,,.083655104560933
,4,,UNKNOWN,,,.308464959035577
,4,,UNKNOWN,,,.3007889734052975
,5,,UNKNOWN,,,.572971639918472
,4,,UNKNOWN,,,.612882060226238
,4,,UNKNOWN,,,.3592700355656095
,3,,UNKNOWN,,,.559227558642576
,4,,UNKNOWN,,,.328257281991002
,3,,UNKNOWN,,,.841697490850992
,4,,UNKNOWN,,,.403173973122647
,4,,UNKNOWN,,,.003582005648807
,3,,UNKNOWN,,,.857713343768993
,4,,UNKNOWN,,,.690281618428599
,4,,UNKNOWN,,,.255768321460885
,4,,UNKNOWN,,,.375538692997527
,3,,UNKNOWN,,,.9830964128895823
,5,,UNKNOWN,,,.330076170915434
,3,,UNKNOWN,,,.6826469894238976
,5,,UNKNOWN,,,.039565803648768
,3,,UNKNOWN,,,.841697490850992
,4,,UNKNOWN,,,.224333600869691
,4,,UNKNOWN,,,.140346334825467
,3,,UNKNOWN,,,.2247607952587414
,4,,UNKNOWN,,,.560493693314263
,4,,UNKNOWN,,,.65864144292998
,5,,UNKNOWN,,,.070421516430865
,4,,UNKNOWN,,,.741091933206842
,4,,UNKNOWN,,,.467015017504103
,5,,UNKNOWN,,,.267446990684676
,3,,UNKNOWN,,,.811514174356411
,3,,UNKNOWN,,,.2247607952587414
,4,,UNKNOWN,,,.448326563909867
,3,,UNKNOWN,,,.3734139345519134
,4,,UNKNOWN,,,.392833378267411
,4,,UNKNOWN,,,.083081510607696
,3,,UNKNOWN,,,.2218412772853373
,4,,UNKNOWN,,,.370693967609804
,3,,UNKNOWN,,,.747209004973637
,4,,UNKNOWN,,,.698477166702547
,4,,UNKNOWN,,,.706031044187195
,4,,UNKNOWN,,,.907251798219151
,5,,UNKNOWN,,,.561399870622
,3,,UNKNOWN,,,.9145866273506327
,5,,UNKNOWN,,,.579011413351322
,4,,UNKNOWN,,,.831646501415649
,5,,UNKNOWN,,,.5781758907097005
,5,,UNKNOWN,,,.579011413351322
,3,,UNKNOWN,,,.964787753748556
,4,,UNKNOWN,,,.375538692997527
,5,,UNKNOWN,,,.484953353153051
,5,,UNKNOWN,,,.551680741381622
,5,,UNKNOWN,,,.278263152760259
,4,,UNKNOWN,,,.319595020305486
,4,,UNKNOWN,,,.396015681245376
,4,,UNKNOWN,,,.432171692112015
,3,,UNKNOWN,,,.293692288704566
,4,,UNKNOWN,,,.061323964975107
,4,,UNKNOWN,,,.144134787860377
,5,,UNKNOWN,,,.52871043355862
,4,,UNKNOWN,,,.533306180450321
,4,,UNKNOWN,,,.609220760673716
,5,,UNKNOWN,,,.666056445194795
,4,,UNKNOWN,,,.54887186636716
,5,,UNKNOWN,,,.270514202523411
,4,,UNKNOWN,,,.264201843232561
,5,,UNKNOWN,,,.3704397851734695
,4,,UNKNOWN,,,.430732799440681
,5,,UNKNOWN,,,.877249781217353
,5,,UNKNOWN,,,.569446496251015
,3,,UNKNOWN,,,.747209004973637
,2,,UNKNOWN,,,.807292532005671
,4,,UNKNOWN,,,.311438482903143
,5,,UNKNOWN,,,.234467645818386
,4,,UNKNOWN,,,.365860538370198
,4,,UNKNOWN,,,.036850218912
,4,,UNKNOWN,,,.467015017504103
,4,,UNKNOWN,,,.406340041571731
,4,,UNKNOWN,,,.609220760673716
,4,,UNKNOWN,,,.199083068794854
,4,,UNKNOWN,,,.127624198665662
,4,,UNKNOWN,,,.007076157676695
,5,,UNKNOWN,,,.584804380729875
,3,,UNKNOWN,,,.2990270505493813
,3,,UNKNOWN,,,.798726940294904
,6,,UNKNOWN,,,.007031750927324
,3,,UNKNOWN,,,.636819546196751
,4,,UNKNOWN,,,.464348538981805
,4,,UNKNOWN,,,.4259285960657655
,4,,UNKNOWN,,,.003981409981234
,4,,UNKNOWN,,,.392833378267411
,4,,UNKNOWN,,,.548044876860959
,5,,UNKNOWN,,,.24824099073428
,4,,UNKNOWN,,,.697481231536533
,5,,UNKNOWN,,,.62992176991043
,3,,UNKNOWN,,,.938906753765522
,4,,UNKNOWN,,,.125793677975539
,5,,UNKNOWN,,,.52871043355862
,3,,UNKNOWN,,,.358283812208117
,3,,UNKNOWN,,,.638158155954317
,5,,UNKNOWN,,,.859753880580933
,5,,UNKNOWN,,,.257883819137972
,4,,UNKNOWN,,,.3588945877882725
,3,,UNKNOWN,,,.251684512053289
,4,,UNKNOWN,,,.464460686092282
,4,,UNKNOWN,,,.337505332048166
,5,,UNKNOWN,,,.291000616133162
,3,,UNKNOWN,,,.932885905460372
,3,,UNKNOWN,,,.9406721162679967
,4,,UNKNOWN,,,.274941593651165
,5,,UNKNOWN,,,.818381708828037
,4,,UNKNOWN,,,.261729990430164
,5,,UNKNOWN,,,.268873368540411
,2,,UNKNOWN,,,.807292532005671
,4,,UNKNOWN,,,.786443402414151
,2,,UNKNOWN,,,.7705896064652054
,3,,UNKNOWN,,,.6816295124034935
,3,,UNKNOWN,,,.191058974281943
,4,,UNKNOWN,,,.584895751191923
,3,,UNKNOWN,,,.190500507577958
,5,,UNKNOWN,,,.460998488646895
,4,,UNKNOWN,,,.284333856944451
,5,,UNKNOWN,,,.226778418301167
,3,,UNKNOWN,,,.511231787422089
,4,,UNKNOWN,,,.121867129525009
,5,,UNKNOWN,,,.268873368540411
,4,,UNKNOWN,,,.512845206671124
,4,,UNKNOWN,,,.274684413822367
,4,,UNKNOWN,,,.579399337358248
,5,,UNKNOWN,,,.260742131258775
,3,,UNKNOWN,,,.643632747123773
,4,,UNKNOWN,,,.560186484510586
,5,,UNKNOWN,,,.330076170915434
,4,,UNKNOWN,,,.457279701848945
,5,,UNKNOWN,,,.572971639918472
,4,,UNKNOWN,,,.405810647003902
,3,,UNKNOWN,,,.476945743205856
,4,,UNKNOWN,,,.600167173478206
,3,,UNKNOWN,,,.9542975547018138
,4,,UNKNOWN,,,.078402405009076
,4,,UNKNOWN,,,.3081691185326205
,3,,UNKNOWN,,,.9931220416994537
,4,,UNKNOWN,,,.42519921080461
,3,,UNKNOWN,,,.889927644127568
,4,,UNKNOWN,,,.650632968202086
,3,,UNKNOWN,,,.888530818302813
,5,,UNKNOWN,,,.431518718888051
,4,,UNKNOWN,,,.667693902968159
,4,,UNKNOWN,,,.959720251821919
,3,,UNKNOWN,,,.4170758250407705
,3,,UNKNOWN,,,.950103007121369
,4,,UNKNOWN,,,.259041971082232
,4,,UNKNOWN,,,.471060062120163
,4,,UNKNOWN,,,.454134476391226
,3,,UNKNOWN,,,.964787753748556
,4,,UNKNOWN,,,.381025040690125
,4,,UNKNOWN,,,.659124311808927
,4,,UNKNOWN,,,.36708518038303
,4,,UNKNOWN,,,.352454486316005
,4,,UNKNOWN,,,.916752622199718
,3,,UNKNOWN,,,.830087010908215
,4,,UNKNOWN,,,.166886871053878
,3,,UNKNOWN,,,.9145866273506327
,5,,UNKNOWN,,,.305995831165846
,4,,UNKNOWN,,,.59673017606216
,3,,UNKNOWN,,,.206875480549688
,5,,UNKNOWN,,,.566674603185239
,4,,UNKNOWN,,,.879826013755399
,4,,UNKNOWN,,,.667693902968159
,3,,UNKNOWN,,,.370084094961157
,4,,UNKNOWN,,,.370693967609804
,3,,UNKNOWN,,,.9869003910228216
,4,,UNKNOWN,,,.678936023817497
,5,,UNKNOWN,,,.018034225253127
,4,,UNKNOWN,,,.3592700355656095
,4,,UNKNOWN,,,.556731139231012
,5,,UNKNOWN,,,.520092045171864
,4,,UNKNOWN,,,.109322024489874
,3,,UNKNOWN,,,.080936654077832
,4,,UNKNOWN,,,.192949882721958
,4,,UNKNOWN,,,.261635025252256
,5,,UNKNOWN,,,.923217362061911
,4,,UNKNOWN,,,.274941593651165
,4,,UNKNOWN,,,.673027072972086
,5,,UNKNOWN,,,.058929645793561
,3,,UNKNOWN,,,.756372568091365
,4,,UNKNOWN,,,.105217838600503
,3,,UNKNOWN,,,.833801716931259
,3,,UNKNOWN,,,.615315960757812
,4,,UNKNOWN,,,.4600846584788965
,4,,UNKNOWN,,,.5680264074009385
,4,,UNKNOWN,,,.444784189307718
,3,,UNKNOWN,,,.888530818302813
,2,,UNKNOWN,,,.9561523964703453
,4,,UNKNOWN,,,.612882060226238
,3,,UNKNOWN,,,.147476466296918
,3,,UNKNOWN,,,.113415029064629
,3,,UNKNOWN,,,.512370501298646
,3,,UNKNOWN,,,.715900420080061
,4,,UNKNOWN,,,.061414308821339
,3,,UNKNOWN,,,.928671229928757
,4,,UNKNOWN,,,.926690130664421
,4,,UNKNOWN,,,.405686395095354
,4,,UNKNOWN,,,.321521894312546
,3,,UNKNOWN,,,.807993755343556
,4,,UNKNOWN,,,.322808174073912
,4,,UNKNOWN,,,.62536654835847
,4,,UNKNOWN,,,.464348538981805
,3,,UNKNOWN,,,.9481562871705
,5,,UNKNOWN,,,.097355357911391
,5,,UNKNOWN,,,.344510932990958
,5,,UNKNOWN,,,.052343765852812
,5,,UNKNOWN,,,.0076608965405045
,5,,UNKNOWN,,,.595874957698662
,4,,UNKNOWN,,,.698477166702547
,3,,UNKNOWN,,,.512370501298646
,3,,UNKNOWN,,,.9542975547018138
,3,,UNKNOWN,,,.7833060754498384
,5,,UNKNOWN,,,.812555389439774
,4,,UNKNOWN,,,.337505332048166
,5,,UNKNOWN,,,.568827859966619
,3,,UNKNOWN,,,.4170758250407705
,4,,UNKNOWN,,,.571374573020141
,4,,UNKNOWN,,,.078402405009076
,4,,UNKNOWN,,,.408993336457313
,4,,UNKNOWN,,,.3558708334344685
,4,,UNKNOWN,,,.65864144292998
,3,,UNKNOWN,,,.6964250250909063
,4,,UNKNOWN,,,.226441973461726
,5,,UNKNOWN,,,.808829579903468
,4,,UNKNOWN,,,.230543942300855
,3,,UNKNOWN,,,.777681528735661
,4,,UNKNOWN,,,.061341646327548
,3,,UNKNOWN,,,.2740810773594866
,3,,UNKNOWN,,,.949197796072739
,5,,UNKNOWN,,,.806181143640225
,4,,UNKNOWN,,,.654743025478656
,3,,UNKNOWN,,,.815164424097151
,5,,UNKNOWN,,,.234467645818386
,4,,UNKNOWN,,,.361903839042669
,5,,UNKNOWN,,,.37951877178934
,5,,UNKNOWN,,,.41558223246829
,4,,UNKNOWN,,,.87749580816369
,3,,UNKNOWN,,,.950103007121369
,4,,UNKNOWN,,,.650632968202086
,4,,UNKNOWN,,,.568165704361427
,4,,UNKNOWN,,,.304789699192712
,4,,UNKNOWN,,,.304789699192712
,5,,UNKNOWN,,,.82630567167196
,4,,UNKNOWN,,,.359303337611593
,4,,UNKNOWN,,,.62572883571167
,5,,UNKNOWN,,,.269191811745364
,4,,UNKNOWN,,,.249264889247868
,3,,UNKNOWN,,,.835867016633159
,4,,UNKNOWN,,,.784819765472161
,3,,UNKNOWN,,,.882531953437997
,5,,UNKNOWN,,,.525547919666631
,5,,UNKNOWN,,,.525547919666631
,4,,UNKNOWN,,,.455916626495236
,3,,UNKNOWN,,,.910366505058906
,3,,UNKNOWN,,,.292494964297192
,4,,UNKNOWN,,,.4861546463539295
,4,,UNKNOWN,,,.475923464407026
,4,,UNKNOWN,,,.5272924370884295
,4,,UNKNOWN,,,.434718934060392
,4,,UNKNOWN,,,.029993330681685
,4,,UNKNOWN,,,.041807277391889
,4,,UNKNOWN,,,.041781887381999
,4,,UNKNOWN,,,.315710012454023
,4,,UNKNOWN,,,.315710012454023
,5,,UNKNOWN,,,.394939430826888
,5,,UNKNOWN,,,.394939430826888
,4,,UNKNOWN,,,.274632277116798
,4,,UNKNOWN,,,.650313135087112
,4,,UNKNOWN,,,.588772791280153
,4,,UNKNOWN,,,.588772791280153
,4,,UNKNOWN,,,.594788237348687
,5,,UNKNOWN,,,.9051006077140045
,5,,UNKNOWN,,,.9051006077140045
,5,,UNKNOWN,,,.0538482800862
,4,,UNKNOWN,,,.177878371214524
,4,,UNKNOWN,,,.177878371214524
,3,,UNKNOWN,,,.6156031201261896
,5,,UNKNOWN,,,.83008012992985
,5,,UNKNOWN,,,.83008012992985
,4,,UNKNOWN,,,.439749290403717
,4,,UNKNOWN,,,.348996079429426
,4,,UNKNOWN,,,.105330763939828
,4,,UNKNOWN,,,.395918770891046
,4,,UNKNOWN,,,.42445680169605
,3,,UNKNOWN,,,.8018282342393626
,5,,UNKNOWN,,,.598680491998394
,3,,UNKNOWN,,,.2343618817478297
,5,,UNKNOWN,,,.565778121858629
,5,,UNKNOWN,,,.2312725971004985
,5,,UNKNOWN,,,.2312725971004985
,5,,UNKNOWN,,,.816315890712603
,3,,UNKNOWN,,,.857214320055931
,4,,UNKNOWN,,,.303515367640725
,5,,UNKNOWN,,,.484986068978261
,4,,UNKNOWN,,,.449001974943198
,5,,UNKNOWN,,,.534226786740593
,4,,UNKNOWN,,,.163908484262213
,4,,UNKNOWN,,,.36900183739208
,3,,UNKNOWN,,,.780865095949925
,3,,UNKNOWN,,,.780865095949925
,3,,UNKNOWN,,,.8896286612404447
,5,,UNKNOWN,,,.165528261039297
,4,,UNKNOWN,,,.379191634499196
,4,,UNKNOWN,,,.032549872152908
,4,,UNKNOWN,,,.864245814800873
,4,,UNKNOWN,,,.430296785767446
,5,,UNKNOWN,,,.441105976533807
,4,,UNKNOWN,,,.327112367076354
,5,,UNKNOWN,,,.16081354888528
,5,,UNKNOWN,,,.16081354888528
,4,,UNKNOWN,,,.2518620779152325
,4,,UNKNOWN,,,.2828172886062
,4,,UNKNOWN,,,.493381986104411
,2,,UNKNOWN,,,.938214318604273
,3,,UNKNOWN,,,.2345592553375293
,2,,UNKNOWN,,,.938214318604273
,4,,UNKNOWN,,,.524582235916399
,5,,UNKNOWN,,,.30573623175898
,3,,UNKNOWN,,,.770439663910212
,4,,UNKNOWN,,,.153370486648916
,4,,UNKNOWN,,,.41502227104133
,4,,UNKNOWN,,,.153370486648916
,3,,UNKNOWN,,,.855101719227019
,3,,UNKNOWN,,,.5572465284606785
,3,,UNKNOWN,,,.5572465284606785
,3,,UNKNOWN,,,.5953985965241744
,4,,UNKNOWN,,,.396866885158904
,4,,UNKNOWN,,,.390031929817397
,4,,UNKNOWN,,,.683366848778084
,4,,UNKNOWN,,,.368380096725291
,3,,UNKNOWN,,,.927571092467826
,4,,UNKNOWN,,,.564119785595712
,3,,UNKNOWN,,,.927571092467826
,4,,UNKNOWN,,,.647016100186139
,5,,UNKNOWN,,,.194573142521021
,3,,UNKNOWN,,,.179448209481861
,4,,UNKNOWN,,,.564119785595712
,4,,UNKNOWN,,,.874862016538687
,4,,UNKNOWN,,,.874862016538687
,4,,UNKNOWN,,,.518454357488759
,4,,UNKNOWN,,,.709886261991148
,4,,UNKNOWN,,,.306589042400974
,4,,UNKNOWN,,,.452535078430823
,5,,UNKNOWN,,,.516121829296959
,5,,UNKNOWN,,,.453279593881133
,3,,UNKNOWN,,,.7571030700913983
,3,,UNKNOWN,,,.7571030700913983
,4,,UNKNOWN,,,.600830275675295
,5,,UNKNOWN,,,.516121829296959
,4,,UNKNOWN,,,.43161536171634
,4,,UNKNOWN,,,.321754629513665
,4,,UNKNOWN,,,.379120985877332
,4,,UNKNOWN,,,.5195320102729255
,4,,UNKNOWN,,,.208617443458074
,4,,UNKNOWN,,,.405764435920665
,4,,UNKNOWN,,,.495809873293768
,4,,UNKNOWN,,,.495809873293768
,5,,UNKNOWN,,,.540562760625702
,4,,UNKNOWN,,,.428484899075552
,4,,UNKNOWN,,,.302933538760657
,4,,UNKNOWN,,,.302933538760657
,4,,UNKNOWN,,,.5195320102729255
,4,,UNKNOWN,,,.19250561220205
,4,,UNKNOWN,,,.513821496347767
,4,,UNKNOWN,,,.19250561220205
,5,,UNKNOWN,,,.582445246375116
,4,,UNKNOWN,,,.145193534763649
,4,,UNKNOWN,,,.531543413494996
,4,,UNKNOWN,,,.409320607964144
,4,,UNKNOWN,,,.334599441057362
,4,,UNKNOWN,,,.8212975352762735
,5,,UNKNOWN,,,.515863985647589
,4,,UNKNOWN,,,.462720711593461
,4,,UNKNOWN,,,.400892136439214
,5,,UNKNOWN,,,.515863985647589
,4,,UNKNOWN,,,.527385636759455
,3,,UNKNOWN,,,.328847390878861
,3,,UNKNOWN,,,.328847390878861
,4,,UNKNOWN,,,.314981208993911
,4,,UNKNOWN,,,.714812622063112
,4,,UNKNOWN,,,.482231647019755
,4,,UNKNOWN,,,.482231647019755
,5,,UNKNOWN,,,.8481332088702365
,5,,UNKNOWN,,,.8481332088702365
,4,,UNKNOWN,,,.4929534879881246
,4,,UNKNOWN,,,.425750956405077
,4,,UNKNOWN,,,.413998232935854
,4,,UNKNOWN,,,.413998232935854
,4,,UNKNOWN,,,.4137943203621886
,3,,UNKNOWN,,,.857561015096529
,4,,UNKNOWN,,,.401620267582116
,4,,UNKNOWN,,,.359425397558988
,4,,UNKNOWN,,,.476891609551305
,4,,UNKNOWN,,,.476891609551305
,4,,UNKNOWN,,,.463279537250233
,4,,UNKNOWN,,,.406018706797524
,3,,UNKNOWN,,,.928362488767272
,3,,UNKNOWN,,,.928362488767272
,5,,UNKNOWN,,,.502925267947227
,4,,UNKNOWN,,,.831054953624564
,5,,UNKNOWN,,,.467671758264011
,3,,UNKNOWN,,,.227612893927705
,5,,UNKNOWN,,,.33121050962739
,4,,UNKNOWN,,,.413890470642205
,4,,UNKNOWN,,,.360238859224188
,4,,UNKNOWN,,,.3752661885359725
,4,,UNKNOWN,,,.2761936520853
,3,,UNKNOWN,,,.2493700680298727
,3,,UNKNOWN,,,.227612893927706
,4,,UNKNOWN,,,.439088597293255
,5,,UNKNOWN,,,.255892287838339
,3,,UNKNOWN,,,.736834763259341
,3,,UNKNOWN,,,.736834763259343
,4,,UNKNOWN,,,.345164428724077
,4,,UNKNOWN,,,.022637683399205
,4,,UNKNOWN,,,.022637683399205
,4,,UNKNOWN,,,.28240445830302
,4,,UNKNOWN,,,.011565725359046
,4,,UNKNOWN,,,.011565725359046
,4,,UNKNOWN,,,.2838650560011775
,3,,UNKNOWN,,,.890215354905471
,5,,UNKNOWN,,,.526550558368494
,4,,UNKNOWN,,,.028809960367775
,4,,UNKNOWN,,,.216269338984423
